<?xml version="1.0" encoding="UTF-8"?>
<project-private xmlns="http://www.netbeans.org/ns/project-private/1">
    <editor-bookmarks xmlns="http://www.netbeans.org/ns/editor-bookmarks/2" lastBookmarkId="0"/>
    <open-files xmlns="http://www.netbeans.org/ns/projectui-open-files/2">
        <group>
            <file>file:/C:/wamp/www/twitter/index.php</file>
            <file>file:/C:/wamp/www/twitter/core/core.php</file>
            <file>file:/C:/wamp/www/twitter/environment.php</file>
            <file>file:/C:/wamp/www/twitter/core/model.php</file>
            <file>file:/C:/wamp/www/twitter/config.php</file>
            <file>file:/C:/wamp/www/twitter/.htaccess</file>
            <file>file:/C:/wamp/www/twitter/core/controller.php</file>
        </group>
    </open-files>
</project-private>
